{
  "macro_f1": 0.9789716409971598,
  "accuracy": 0.9953005579370734,
  "weighted_f1": 0.995354420014315,
  "weighted_precision": 0.9955259704397014,
  "weighted_recall": 0.9953005579370734,
  "per_class": {
    "BENIGN": {
      "precision": 0.9998298653438827,
      "recall": 0.9946027861796546,
      "f1-score": 0.9972094761054094,
      "support": 644036
    },
    "Brute Force": {
      "precision": 0.8678051865907653,
      "recall": 0.9996357012750455,
      "f1-score": 0.9290672083968173,
      "support": 2745
    },
    "DDoS": {
      "precision": 0.9983869708874262,
      "recall": 0.9992448703260077,
      "f1-score": 0.998815736390729,
      "support": 38404
    },
    "DoS": {
      "precision": 0.9557864576472138,
      "recall": 0.9986064276374648,
      "f1-score": 0.9767273583953152,
      "support": 58124
    },
    "Port Scan": {
      "precision": 0.9873914465317394,
      "recall": 0.9987503675389592,
      "f1-score": 0.9930384256975279,
      "support": 27208
    }
  }
}